﻿{
  "Speed": 224,
  "Items": [
    {
      "x": 2,
      "y": 2
    },
    {
      "x": 7,
      "y": 6
    },
    {
      "x": 7,
      "y": 2
    },
    {
      "x": 2,
      "y": 6
    },
    {
      "x": 3,
      "y": 3
    },
    {
      "x": 6,
      "y": 7
    },
    {
      "x": 6,
      "y": 3
    },
    {
      "x": 3,
      "y": 7
    },
    {
      "x": 2,
      "y": 3
    },
    {
      "x": 5,
      "y": 6
    },
    {
      "x": 7,
      "y": 3
    },
    {
      "x": 4,
      "y": 6
    },
    {
      "x": 2,
      "y": 5
    },
    {
      "x": 6,
      "y": 6
    },
    {
      "x": 7,
      "y": 5
    },
    {
      "x": 3,
      "y": 6
    },
    {
      "x": 4,
      "y": 5
    },
    {
      "x": 5,
      "y": 7
    },
    {
      "x": 5,
      "y": 5
    },
    {
      "x": 4,
      "y": 7
    },
    {
      "x": 3,
      "y": 2
    },
    {
      "x": 6,
      "y": 2
    }
  ]
}