﻿{
  "Speed": 224,
  "Items": [
    {
      "x": 1,
      "y": 5
    },
    {
      "x": 4,
      "y": 4
    },
    {
      "x": 3,
      "y": 4
    },
    {
      "x": 6,
      "y": 2
    },
    {
      "x": 8,
      "y": 4
    },
    {
      "x": 1,
      "y": 2
    },
    {
      "x": 8,
      "y": 5
    },
    {
      "x": 7,
      "y": 5
    },
    {
      "x": 1,
      "y": 3
    },
    {
      "x": 6,
      "y": 5
    },
    {
      "x": 6,
      "y": 4
    },
    {
      "x": 1,
      "y": 4
    },
    {
      "x": 4,
      "y": 5
    },
    {
      "x": 4,
      "y": 2
    },
    {
      "x": 2,
      "y": 3
    },
    {
      "x": 7,
      "y": 2
    },
    {
      "x": 8,
      "y": 2
    },
    {
      "x": 8,
      "y": 3
    },
    {
      "x": 4,
      "y": 3
    },
    {
      "x": 6,
      "y": 3
    }
  ]
}