{
    "all_locations": [
        "Who is Cutting Onions?",
        "Oh Shiny",
        "Suit Up",
        "Very Very Frightening",
        "Hot Stuff",
        "Free the End",
        "A Furious Cocktail",
        "Best Friends Forever",
        "Bring Home the Beacon",
        "Not Today, Thank You",
        "Isn't It Iron Pick",
        "Local Brewery",
        "The Next Generation",
        "Fishy Business",
        "Hot Tourist Destinations",
        "This Boat Has Legs",
        "Sniper Duel",
        "Nether",
        "Great View From Up Here",
        "How Did We Get Here?",
        "Bullseye",
        "Spooky Scary Skeleton",
        "Two by Two",
        "Stone Age",
        "Two Birds, One Arrow",
        "We Need to Go Deeper",
        "Who's the Pillager Now?",
        "Getting an Upgrade",
        "Tactical Fishing",
        "Zombie Doctor",
        "The City at the End of the Game",
        "Ice Bucket Challenge",
        "Remote Getaway",
        "Into Fire",
        "War Pigs",
        "Take Aim",
        "Total Beelocation",
        "Arbalistic",
        "The End... Again...",
        "Acquire Hardware",
        "Not Quite \"Nine\" Lives",
        "Cover Me With Diamonds",
        "Sky's the Limit",
        "Hired Help",
        "Return to Sender",
        "Sweet Dreams",
        "You Need a Mint",
        "Adventure",
        "Monsters Hunted",
        "Enchanter",
        "Voluntary Exile",
        "Eye Spy",
        "The End",
        "Serious Dedication",
        "Postmortal",
        "Monster Hunter",
        "Adventuring Time",
        "A Seedy Place",
        "Those Were the Days",
        "Hero of the Village",
        "Hidden in the Depths",
        "Beaconator",
        "Withering Heights",
        "A Balanced Diet",
        "Subspace Bubble",
        "Husbandry",
        "Country Lode, Take Me Home",
        "Bee Our Guest",
        "What a Deal!",
        "Uneasy Alliance",
        "Diamonds!",
        "A Terrible Fortress",
        "A Throwaway Joke",
        "Minecraft",
        "Sticky Situation",
        "Ol' Betsy",
        "Cover Me in Debris",
        "The End?",
        "The Parrots and the Bats",
        "A Complete Catalogue",
        "Getting Wood",
        "Time to Mine!",
        "Hot Topic",
        "Bake Bread",
        "The Lie",
        "On a Rail",
        "Time to Strike!",
        "Cow Tipper",
        "When Pigs Fly",
        "Overkill",
        "Librarian",
        "Overpowered",
        "Wax On",
        "Wax Off",
        "The Cutest Predator",
        "The Healing Power of Friendship",
        "Is It a Bird?",
        "Is It a Balloon?",
        "Is It a Plane?",
        "Surge Protector",
        "Light as a Rabbit",
        "Glow and Behold!",
        "Whatever Floats Your Goat!",
        "Caves & Cliffs",
        "Feels like home",
        "Sound of Music",
        "Star Trader",
        "Birthday Song",
        "Bukkit Bukkit",
        "It Spreads",
        "Sneak 100",
        "When the Squad Hops into Town",
        "With Our Powers Combined!",
        "You've Got a Friend in Me"
    ],
    "locations_by_region": {
        "Overworld": [
            "Who is Cutting Onions?",
            "Oh Shiny",
            "Suit Up",
            "Very Very Frightening",
            "Hot Stuff",
            "Best Friends Forever",
            "Not Today, Thank You",
            "Isn't It Iron Pick",
            "Fishy Business",
            "Sniper Duel",
            "Bullseye",
            "Stone Age",
            "Two Birds, One Arrow",
            "Getting an Upgrade",
            "Tactical Fishing",
            "Zombie Doctor",
            "Ice Bucket Challenge",
            "Take Aim",
            "Total Beelocation",
            "Arbalistic",
            "Acquire Hardware",
            "Cover Me With Diamonds",
            "Hired Help",
            "Sweet Dreams",
            "Adventure",
            "Monsters Hunted",
            "Enchanter",
            "Eye Spy",
            "Monster Hunter",
            "Adventuring Time",
            "A Seedy Place",
            "Husbandry",
            "Bee Our Guest",
            "Diamonds!",
            "A Throwaway Joke",
            "Minecraft",
            "Sticky Situation",
            "Ol' Betsy",
            "The Parrots and the Bats",
            "Getting Wood",
            "Time to Mine!",
            "Hot Topic",
            "Bake Bread",
            "The Lie",
            "On a Rail",
            "Time to Strike!",
            "Cow Tipper",
            "When Pigs Fly",
            "Librarian",
            "Wax On",
            "Wax Off",
            "The Cutest Predator",
            "The Healing Power of Friendship",
            "Is It a Bird?",
            "Surge Protector",
            "Light as a Rabbit",
            "Glow and Behold!",
            "Whatever Floats Your Goat!",
            "Caves & Cliffs",
            "Sound of Music",
            "Bukkit Bukkit",
            "It Spreads",
            "Sneak 100",
            "When the Squad Hops into Town"
        ],
        "The Nether": [
            "Hot Tourist Destinations",
            "This Boat Has Legs",
            "Nether",
            "Two by Two",
            "We Need to Go Deeper",
            "Not Quite \"Nine\" Lives",
            "Return to Sender",
            "Serious Dedication",
            "Hidden in the Depths",
            "Subspace Bubble",
            "Country Lode, Take Me Home",
            "Uneasy Alliance",
            "Cover Me in Debris",
            "Is It a Balloon?",
            "Feels like home",
            "With Our Powers Combined!"
        ],
        "The End": [
            "Free the End",
            "The Next Generation",
            "Remote Getaway",
            "The End... Again...",
            "You Need a Mint",
            "The End",
            "The End?",
            "Is It a Plane?"
        ],
        "Village": [
            "Postmortal",
            "Hero of the Village",
            "A Balanced Diet",
            "What a Deal!",
            "A Complete Catalogue",
            "Star Trader"
        ],
        "Nether Fortress": [
            "A Furious Cocktail",
            "Bring Home the Beacon",
            "Local Brewery",
            "How Did We Get Here?",
            "Spooky Scary Skeleton",
            "Into Fire",
            "Beaconator",
            "Withering Heights",
            "A Terrible Fortress",
            "Overkill"
        ],
        "Pillager Outpost": [
            "Who's the Pillager Now?",
            "Voluntary Exile",
            "Birthday Song",
            "You've Got a Friend in Me"
        ],
        "Bastion Remnant": [
            "War Pigs",
            "Those Were the Days",
            "Overpowered"
        ],
        "End City": [
            "Great View From Up Here",
            "The City at the End of the Game",
            "Sky's the Limit"
        ]
    }
}   