{
  "None": 256,
  "Lute": 257,
  "Crown": 258,
  "Crystal": 259,
  "Herb": 260,
  "Key": 261,
  "Tnt": 262,
  "Adamant": 263,
  "Slab": 264,
  "Ruby": 265,
  "Rod": 266,
  "Floater": 267,
  "Chime": 268,
  "Tail": 269,
  "Cube": 270,
  "Bottle": 271,
  "Oxyale": 272,
  "EarthOrb": 273,
  "FireOrb": 274,
  "WaterOrb": 275,
  "AirOrb": 276,
  "Shard": 277,
  "Tent": 278,
  "Cabin": 279,
  "House": 280,
  "Heal": 281,
  "Pure": 282,
  "Soft": 283,
  "WoodenNunchucks": 284,
  "SmallKnife": 285,
  "WoodenRod": 286,
  "Rapier": 287,
  "IronHammer": 288,
  "ShortSword": 289,
  "HandAxe": 290,
  "Scimitar": 291,
  "IronNunchucks": 292,
  "LargeKnife": 293,
  "IronStaff": 294,
  "Sabre": 295,
  "LongSword": 296,
  "GreatAxe": 297,
  "Falchon": 298,
  "SilverKnife": 299,
  "SilverSword": 300,
  "SilverHammer": 301,
  "SilverAxe": 302,
  "FlameSword": 303,
  "IceSword": 304,
  "DragonSword": 305,
  "GiantSword": 306,
  "SunSword": 307,
  "CoralSword": 308,
  "WereSword": 309,
  "RuneSword": 310,
  "PowerRod": 311,
  "LightAxe": 312,
  "HealRod": 313,
  "MageRod": 314,
  "Defense": 315,
  "WizardRod": 316,
  "Vorpal": 317,
  "CatClaw": 318,
  "ThorHammer": 319,
  "BaneSword": 320,
  "Katana": 321,
  "Xcalber": 322,
  "Masamune": 323,
  "Cloth": 324,
  "WoodenArmor": 325,
  "ChainArmor": 326,
  "IronArmor": 327,
  "SteelArmor": 328,
  "SilverArmor": 329,
  "FlameArmor": 330,
  "IceArmor": 331,
  "OpalArmor": 332,
  "DragonArmor": 333,
  "Copper": 334,
  "Silver": 335,
  "Gold": 336,
  "Opal": 337,
  "WhiteShirt": 338,
  "BlackShirt": 339,
  "WoodenShield": 340,
  "IronShield": 341,
  "SilverShield": 342,
  "FlameShield": 343,
  "IceShield": 344,
  "OpalShield": 345,
  "AegisShield": 346,
  "Buckler": 347,
  "ProCape": 348,
  "Cap": 349,
  "WoodenHelm": 350,
  "IronHelm": 351,
  "SilverHelm": 352,
  "OpalHelm": 353,
  "HealHelm": 354,
  "Ribbon": 355,
  "Gloves": 356,
  "CopperGauntlets": 357,
  "IronGauntlets": 358,
  "SilverGauntlets": 359,
  "ZeusGauntlets": 360,
  "PowerGauntlets": 361,
  "OpalGauntlets": 362,
  "ProRing": 363,
  "Gold10": 364,
  "Gold20": 365,
  "Gold25": 366,
  "Gold30": 367,
  "Gold55": 368,
  "Gold70": 369,
  "Gold85": 370,
  "Gold110": 371,
  "Gold135": 372,
  "Gold155": 373,
  "Gold160": 374,
  "Gold180": 375,
  "Gold240": 376,
  "Gold255": 377,
  "Gold260": 378,
  "Gold295": 379,
  "Gold300": 380,
  "Gold315": 381,
  "Gold330": 382,
  "Gold350": 383,
  "Gold385": 384,
  "Gold400": 385,
  "Gold450": 386,
  "Gold500": 387,
  "Gold530": 388,
  "Gold575": 389,
  "Gold620": 390,
  "Gold680": 391,
  "Gold750": 392,
  "Gold795": 393,
  "Gold880": 394,
  "Gold1020": 395,
  "Gold1250": 396,
  "Gold1455": 397,
  "Gold1520": 398,
  "Gold1760": 399,
  "Gold1975": 400,
  "Gold2000": 401,
  "Gold2750": 402,
  "Gold3400": 403,
  "Gold4150": 404,
  "Gold5000": 405,
  "Gold5450": 406,
  "Gold6400": 407,
  "Gold6720": 408,
  "Gold7340": 409,
  "Gold7690": 410,
  "Gold7900": 411,
  "Gold8135": 412,
  "Gold9000": 413,
  "Gold9300": 414,
  "Gold9500": 415,
  "Gold9900": 416,
  "Gold10000": 417,
  "Gold12350": 418,
  "Gold13000": 419,
  "Gold13450": 420,
  "Gold14050": 421,
  "Gold14720": 422,
  "Gold15000": 423,
  "Gold17490": 424,
  "Gold18010": 425,
  "Gold19990": 426,
  "Gold20000": 427,
  "Gold20010": 428,
  "Gold26000": 429,
  "Gold45000": 430,
  "Gold65000": 431,
  "Smoke": 435,
  "FullCure": 432,
  "Blast": 434,
  "Phoenix": 433,
  "Flare": 437,
  "Black": 438,
  "Refresh": 436,
  "Guard":  439,
  "Wizard": 442,
  "HighPotion": 441,
  "Cloak": 443,
  "Quick": 440,
  "Ship": 480,
  "Bridge": 488,
  "Canal": 492,
  "Canoe": 498,
  "Sigil": 499,
  "Mark": 500
}
