{
  "Coneria1": 257,
  "Coneria2": 258,
  "ConeriaMajor": 259,
  "Coneria4": 260,
  "Coneria5": 261,
  "Coneria6": 262,
  "MatoyasCave1": 299,
  "MatoyasCave3": 301,
  "MatoyasCave2": 300,
  "NorthwestCastle1": 273,
  "NorthwestCastle3": 275,
  "NorthwestCastle2": 274,
  "ToFTopLeft1": 263,
  "ToFBottomLeft": 265,
  "ToFTopLeft2": 264,
  "ToFRevisited6": 509,
  "ToFRevisited4": 507,
  "ToFRMasmune": 504,
  "ToFRevisited5": 508,
  "ToFRevisited3": 506,
  "ToFRevisited2": 505,
  "ToFRevisited7": 510,
  "ToFTopRight1": 267,
  "ToFTopRight2": 268,
  "ToFBottomRight": 266,
  "IceCave15": 377,
  "IceCave16": 378,
  "IceCave9": 371,
  "IceCave11": 373,
  "IceCave10": 372,
  "IceCave12": 374,
  "IceCave13": 375,
  "IceCave14": 376,
  "IceCave1": 363,
  "IceCave2": 364,
  "IceCave3": 365,
  "IceCave4": 366,
  "IceCave5": 367,
  "IceCaveMajor": 370,
  "IceCave7": 369,
  "IceCave6": 368,
  "Elfland1": 269,
  "Elfland2": 270,
  "Elfland3": 271,
  "Elfland4": 272,
  "Ordeals5": 383,
  "Ordeals6": 384,
  "Ordeals7": 385,
  "Ordeals1": 379,
  "Ordeals2": 380,
  "Ordeals3": 381,
  "Ordeals4": 382,
  "OrdealsMajor": 387,
  "Ordeals8": 386,
  "SeaShrine7": 411,
  "SeaShrine8": 412,
  "SeaShrine9": 413,
  "SeaShrine10": 414,
  "SeaShrine1": 405,
  "SeaShrine2": 406,
  "SeaShrine3": 407,
  "SeaShrine4": 408,
  "SeaShrine5": 409,
  "SeaShrine6": 410,
  "SeaShrine13": 417,
  "SeaShrine14": 418,
  "SeaShrine11": 415,
  "SeaShrine15": 419,
  "SeaShrine16": 420,
  "SeaShrineLocked": 421,
  "SeaShrine18": 422,
  "SeaShrine19": 423,
  "SeaShrine20": 424,
  "SeaShrine23": 427,
  "SeaShrine21": 425,
  "SeaShrine22": 426,
  "SeaShrine24": 428,
  "SeaShrine26": 430,
  "SeaShrine28": 432,
  "SeaShrine25": 429,
  "SeaShrine30": 434,
  "SeaShrine31": 435,
  "SeaShrine27": 431,
  "SeaShrine29": 433,
  "SeaShrineMajor": 436,
  "SeaShrine12": 416,
  "DwarfCave3": 291,
  "DwarfCave4": 292,
  "DwarfCave6": 294,
  "DwarfCave7": 295,
  "DwarfCave5": 293,
  "DwarfCave8": 296,
  "DwarfCave9": 297,
  "DwarfCave10": 298,
  "DwarfCave1": 289,
  "DwarfCave2": 290,
  "Waterfall1": 437,
  "Waterfall2": 438,
  "Waterfall3": 439,
  "Waterfall4": 440,
  "Waterfall5": 441,
  "Waterfall6": 442,
  "MirageTower5": 456,
  "MirageTower16": 467,
  "MirageTower17": 468,
  "MirageTower15": 466,
  "MirageTower18": 469,
  "MirageTower14": 465,
  "SkyPalace1": 470,
  "SkyPalace2": 471,
  "SkyPalace3": 472,
  "SkyPalace4": 473,
  "SkyPalace18": 487,
  "SkyPalace19": 488,
  "SkyPalace16": 485,
  "SkyPalaceMajor": 489,
  "SkyPalace17": 486,
  "SkyPalace22": 491,
  "SkyPalace21": 490,
  "SkyPalace23": 492,
  "SkyPalace24": 493,
  "SkyPalace31": 500,
  "SkyPalace32": 501,
  "SkyPalace33": 502,
  "SkyPalace34": 503,
  "SkyPalace29": 498,
  "SkyPalace26": 495,
  "SkyPalace25": 494,
  "SkyPalace28": 497,
  "SkyPalace27": 496,
  "SkyPalace30": 499,
  "SkyPalace14": 483,
  "SkyPalace11": 480,
  "SkyPalace12": 481,
  "SkyPalace13": 482,
  "SkyPalace15": 484,
  "SkyPalace10": 479,
  "SkyPalace5": 474,
  "SkyPalace6": 475,
  "SkyPalace7": 476,
  "SkyPalace8": 477,
  "SkyPalace9": 478,
  "MirageTower9": 460,
  "MirageTower13": 464,
  "MirageTower10": 461,
  "MirageTower12": 463,
  "MirageTower11": 462,
  "MirageTower1": 452,
  "MirageTower2": 453,
  "MirageTower4": 455,
  "MirageTower3": 454,
  "MirageTower8": 459,
  "MirageTower7": 458,
  "MirageTower6": 457,
  "Volcano30": 359,
  "Volcano32": 361,
  "Volcano31": 360,
  "Volcano28": 357,
  "Volcano29": 358,
  "Volcano21": 350,
  "Volcano20": 349,
  "Volcano24": 353,
  "Volcano19": 348,
  "Volcano25": 354,
  "VolcanoMajor": 362,
  "Volcano26": 355,
  "Volcano27": 356,
  "Volcano22": 351,
  "Volcano23": 352,
  "Volcano1": 330,
  "Volcano9": 338,
  "Volcano2": 331,
  "Volcano10": 339,
  "Volcano3": 332,
  "Volcano8": 337,
  "Volcano4": 333,
  "Volcano13": 342,
  "Volcano11": 340,
  "Volcano7": 336,
  "Volcano6": 335,
  "Volcano5": 334,
  "Volcano14": 343,
  "Volcano12": 341,
  "Volcano15": 344,
  "Volcano18": 347,
  "Volcano17": 346,
  "Volcano16": 345,
  "MarshCave6": 281,
  "MarshCave5": 280,
  "MarshCave7": 282,
  "MarshCave8": 283,
  "MarshCave10": 285,
  "MarshCave2": 277,
  "MarshCave11": 286,
  "MarshCave3": 278,
  "MarshCaveMajor": 284,
  "MarshCave12": 287,
  "MarshCave4": 279,
  "MarshCave1": 276,
  "MarshCave13": 288,
  "TitansTunnel1": 326,
  "TitansTunnel2": 327,
  "TitansTunnel3": 328,
  "TitansTunnel4": 329,
  "EarthCave1": 302,
  "EarthCave2": 303,
  "EarthCave5": 306,
  "EarthCave3": 304,
  "EarthCave4": 305,
  "EarthCave9": 310,
  "EarthCave10": 311,
  "EarthCave11": 312,
  "EarthCave6": 307,
  "EarthCave7": 308,
  "EarthCave12": 313,
  "EarthCaveMajor": 317,
  "EarthCave19": 320,
  "EarthCave17": 318,
  "EarthCave18": 319,
  "EarthCave20": 321,
  "EarthCave24": 325,
  "EarthCave21": 322,
  "EarthCave22": 323,
  "EarthCave23": 324,
  "EarthCave13": 314,
  "EarthCave15": 316,
  "EarthCave14": 315,
  "EarthCave8": 309,
  "Cardia11": 398,
  "Cardia9": 396,
  "Cardia10": 397,
  "Cardia6": 393,
  "Cardia8": 395,
  "Cardia7": 394,
  "Cardia13": 400,
  "Cardia12": 399,
  "Cardia4": 391,
  "Cardia5": 392,
  "Cardia3": 390,
  "Cardia1": 388,
  "Cardia2": 389,
  "CaravanShop": 767,
  "King": 513,
  "Princess2": 530,
  "Matoya": 522,
  "Astos": 519,
  "Bikke": 516,
  "CanoeSage": 533,
  "ElfPrince": 518,
  "Nerrick": 520,
  "Smith": 521,
  "CubeBot": 529,
  "Sarda": 525,
  "Fairy": 531,
  "Lefein": 527
}
