{
    "CLIPCHECK": "85:FF00",
    "CLIPLEN": "85:9900",
    "CLIPLEN_end": "85:990F",
    "CLIPLEN_no_multi": "85:990C",
    "CLIPSET": "85:FF1D",
    "COLLECTTANK": "B8:8517",
    "MISCFX": "85:FF45",
    "NORMAL": "84:8BF2",
    "SETFX": "85:FF4E",
    "SOUNDFX": "85:FF30",
    "SOUNDFX_84": "84:FD90",
    "SPECIALFX": "85:FF3C",
    "ammo_loop_table": "84:FC46",
    "ap_playerid_to_rom_other_player_index": "B8:85CE",
    "ap_playerid_to_rom_other_player_index_checklastrow": "B8:85F1",
    "ap_playerid_to_rom_other_player_index_correctindex": "B8:860C",
    "ap_playerid_to_rom_other_player_index_do_search_stage_1": "B8:85D4",
    "ap_playerid_to_rom_other_player_index_notfound": "B8:8609",
    "archipelago_chozo_item_plm": "84:FC24",
    "archipelago_hidden_item_plm": "84:FC28",
    "archipelago_visible_item_plm": "84:FC20",
    "c_item": "84:FC42",
    "check_reload": "82:F990",
    "check_reload_end": "82:F9C9",
    "config_deathlink": "CE:FF04",
    "config_flags": "CE:FF00",
    "config_multiworld": "CE:FF00",
    "config_player_id": "CE:FF08",
    "config_remote_items": "CE:FF06",
    "config_sprite": "CE:FF02",
    "copy_config_to_sram": "B8:8419",
    "copy_memory": "B8:83FD",
    "copy_memory_done": "B8:8417",
    "copy_memory_even": "B8:8409",
    "copy_memory_loop": "B8:840F",
    "deathhook": "82:F9CC",
    "deathhook_zebes": "82:F9E1",
    "h_item": "84:FC44",
    "i_chozo_item": "84:FC5D",
    "i_hidden_item": "84:FC64",
    "i_hidden_item_setup": "84:FE0A",
    "i_item_setup_shared": "B8:885C",
    "i_item_setup_shared_all_items": "B8:8878",
    "i_item_setup_shared_alwaysloaded": "B8:8883",
    "i_live_pickup": "84:FE29",
    "i_live_pickup_multiworld": "B8:8611",
    "i_live_pickup_multiworld_end": "B8:868D",
    "i_live_pickup_multiworld_item_link_item": "B8:866D",
    "i_live_pickup_multiworld_otherplayers_item": "B8:865D",
    "i_live_pickup_multiworld_own_item": "B8:8649",
    "i_live_pickup_multiworld_own_item1": "B8:8655",
    "i_live_pickup_multiworld_send_network": "B8:8634",
    "i_load_custom_graphics": "84:FDCE",
    "i_load_custom_graphics_all_items": "84:FDE9",
    "i_load_custom_graphics_alwaysloaded": "84:FDF9",
    "i_load_rando_item": "84:FE11",
    "i_load_rando_item_end": "84:FE28",
    "i_start_draw_loop": "84:FDA1",
    "i_start_draw_loop_all_items": "84:FDBA",
    "i_start_draw_loop_hidden": "84:FD9C",
    "i_start_draw_loop_non_ammo_item": "84:FDCC",
    "i_start_draw_loop_visible_or_chozo": "84:FD95",
    "i_visible_item": "84:FC56",
    "i_visible_item_setup": "84:FE03",
    "message_PlaceholderBig": "85:BB73",
    "message_char_table": "85:BAF3",
    "message_hook_tilemap_calc": "85:BBAA",
    "message_hook_tilemap_calc_msgbox_mw_item_link": "85:BBDD",
    "message_hook_tilemap_calc_msgbox_mwrecv": "85:BBCF",
    "message_hook_tilemap_calc_msgbox_mwsend": "85:BBC1",
    "message_hook_tilemap_calc_normal": "85:824C",
    "message_hook_tilemap_calc_vanilla": "85:BBBC",
    "message_item_link_distributed": "85:B9A3",
    "message_item_link_distributed_end": "85:BAA3",
    "message_item_names": "85:9963",
    "message_item_received": "85:B8A3",
    "message_item_received_end": "85:B9A3",
    "message_item_sent": "85:B7A3",
    "message_item_sent_end": "85:B8A3",
    "message_multiworld_init_new_messagebox_if_needed": "85:BB7E",
    "message_multiworld_init_new_messagebox_if_needed_msgbox_mw_item_link": "85:BB9F",
    "message_multiworld_init_new_messagebox_if_needed_msgbox_mwrecv": "85:BB9F",
    "message_multiworld_init_new_messagebox_if_needed_msgbox_mwsend": "85:BB9F",
    "message_multiworld_init_new_messagebox_if_needed_vanilla": "85:BB97",
    "message_write_placeholders": "85:BAA3",
    "message_write_placeholders_adjust": "85:BAA5",
    "message_write_placeholders_end": "85:BAED",
    "mw_cleanup_item_link_messagebox": "B8:84CF",
    "mw_display_item_sent": "B8:849F",
    "mw_handle_queue": "B8:8527",
    "mw_handle_queue_collect_item_if_present": "B8:8576",
    "mw_handle_queue_end": "B8:85C7",
    "mw_handle_queue_found": "B8:85AF",
    "mw_handle_queue_lookup_player": "B8:8536",
    "mw_handle_queue_loop": "B8:8529",
    "mw_handle_queue_new_remote_item": "B8:8590",
    "mw_handle_queue_next": "B8:85BB",
    "mw_handle_queue_perform_receive": "B8:85A2",
    "mw_hook_main_game": "B8:8691",
    "mw_init": "B8:8311",
    "mw_init_continuereset": "B8:8366",
    "mw_init_end": "B8:83EA",
    "mw_init_memory": "B8:8300",
    "mw_init_reset_sram": "B8:833B",
    "mw_init_smstringdata": "B8:8351",
    "mw_load_sram": "B8:8488",
    "mw_load_sram_done": "B8:8496",
    "mw_load_sram_setnewgame": "B8:8499",
    "mw_prep_item_link_messagebox": "B8:84BD",
    "mw_receive_item": "B8:84D8",
    "mw_receive_item_end": "B8:8510",
    "mw_save_sram": "B8:8469",
    "mw_write_message": "B8:8442",
    "nonprog_item_eight_palette_indices": "84:FC38",
    "offworld_graphics_data_item": "89:9200",
    "offworld_graphics_data_progression_item": "89:9100",
    "p_chozo_item": "84:FD22",
    "p_chozo_item_end": "84:FD50",
    "p_chozo_item_loop": "84:FD3D",
    "p_chozo_item_trigger": "84:FD49",
    "p_etank_hloop": "84:FCAB",
    "p_etank_loop": "84:FC6B",
    "p_hidden_item": "84:FD56",
    "p_hidden_item_end": "84:FD88",
    "p_hidden_item_loop": "84:FD6D",
    "p_hidden_item_loop2": "84:FD58",
    "p_hidden_item_trigger": "84:FD81",
    "p_missile_hloop": "84:FCBF",
    "p_missile_loop": "84:FC7B",
    "p_pb_hloop": "84:FCE7",
    "p_pb_loop": "84:FC9B",
    "p_super_hloop": "84:FCD3",
    "p_super_loop": "84:FC8B",
    "p_visible_item": "84:FCFB",
    "p_visible_item_end": "84:FD1E",
    "p_visible_item_loop": "84:FD0B",
    "p_visible_item_trigger": "84:FD17",
    "patch_load_multiworld": "B8:86B5",
    "perform_item_pickup": "84:FE2E",
    "plm_graphics_entry_offworld_item": "84:FC36",
    "plm_graphics_entry_offworld_progression_item": "84:FC2C",
    "plm_sequence_generic_item_0_bitmask": "84:FE40",
    "prog_item_eight_palette_indices": "84:FC2E",
    "rando_item_table": "B8:E000",
    "rando_player_id_table": "B8:DCA0",
    "rando_player_id_table_end": "B8:DE34",
    "rando_player_name_table": "B8:D000",
    "rando_seed_data": "B8:CF00",
    "setup_game_1": "A0:FE0C",
    "setup_game_1_quick": "A0:FE1F",
    "setup_game_2": "A0:FE2F",
    "setup_game_2_quick": "A0:FE40",
    "setup_game_3": "A0:FE44",
    "setup_game_3_loadmusic": "A0:FE73",
    "setup_game_3_quick": "A0:FE57",
    "setup_music": "A0:FE00",
    "setup_music_quick": "A0:FE0B",
    "setup_samus": "A0:FE94",
    "setup_samus_normal": "A0:FEA5",
    "sm_fix_checksum": "82:FA2A",
    "sm_item_graphics": "B8:8800",
    "sm_item_plm_pickup_sequence_pointers": "B8:882E",
    "sm_save_done_hook": "B8:847B",
    "start_item": "B8:C81C",
    "start_item_data_major": "B8:C800",
    "start_item_data_minor": "B8:C808",
    "start_item_data_reserve": "B8:C818",
    "update_graphic": "B8:C856",
    "v_item": "84:FC40",
    "write_repeated_memory": "B8:83EF",
    "write_repeated_memory_loop": "B8:83F4",
    "deathhook82": "82:DDC7",
    "freespace82_start": "82:F990",
    "freespace82_end": "82:FA71",
    "freespacea0": "a0:fe00",
    "SRAM_SAVING": "70:2604",
    "current_save_slot": "7e:0952",
    "sram_save_slot_addresses": "81:812B",
    "ITEM_RAM": "7E:09A2",
    "SRAM_MW_ITEMS_RECV": "70:2000",
    "SRAM_MW_ITEMS_RECV_WCOUNT": "70:2602",
    "ReceiveQueueCompletedCount_InRamThatGetsSavedToSaveSlot": "7e:d8ae",
    "SRAM_MW_ITEMS_SENT_RCOUNT": "70:2680",
    "SRAM_MW_ITEMS_SENT_WCOUNT": "70:2682",
    "SRAM_MW_ITEMS_SENT": "70:2700",
    "SRAM_MW_SM": "70:3000",
    "SRAM_MW_ROMTITLE": "70:3015",
    "SRAM_MW_SEEDINT": "70:3060",
    "SRAM_MW_INITIALIZED": "70:3064",
    "SRAM_MW_CONFIG_ENABLED": "70:3070",
    "SRAM_MW_CONFIG_CUSTOM_SPRITE": "70:3072",
    "SRAM_MW_CONFIG_DEATHLINK": "70:3074",
    "SRAM_MW_CONFIG_REMOTE_ITEMS": "70:3076",
    "SRAM_MW_CONFIG_PLAYER_ID": "70:3078",
    "varia_seedint_location": "df:ff00",
    "CollectedItems": "7E:D86E"
}