{ "compressionlevel":-1,
 "editorsettings":
    {
     "export":
        {
         "target":"."
        }
    },
 "height":8,
 "infinite":false,
 "layers":[
        {
         "data":[2, 2, 2, 115, 117, 117, 117, 116, 2, 2, 2, 2, 2, 115, 118, 215, 119, 116, 2, 2, 2, 2, 30, 115, 117, 226, 117, 116, 94, 2, 2, 2, 56, 183, 117, 120, 117, 184, 57, 2, 2, 2, 56, 4, 4, 4, 4, 4, 57, 2, 2, 2, 56, 4, 4, 4, 4, 4, 57, 2, 2, 2, 47, 48, 73, 225, 74, 48, 79, 2, 2, 2, 63, 59, 59, 225, 59, 59, 64, 2],
         "height":8,
         "id":1,
         "name":"Tiles",
         "opacity":1,
         "type":"tilelayer",
         "visible":true,
         "width":10,
         "x":0,
         "y":0
        }, 
        {
         "draworder":"topdown",
         "id":2,
         "name":"EntityLayer",
         "objects":[
                {
                 "height":8,
                 "id":1,
                 "name":"1:06:20e:50:7c",
                 "rotation":0,
                 "type":"warp",
                 "visible":true,
                 "width":8,
                 "x":0,
                 "y":0
                }],
         "opacity":1,
         "type":"objectgroup",
         "visible":true,
         "x":0,
         "y":0
        }],
 "nextlayerid":1,
 "nextobjectid":2,
 "orientation":"orthogonal",
 "properties":[
        {
         "name":"animationset",
         "type":"string",
         "value":"00"
        }, 
        {
         "name":"attribset",
         "type":"string",
         "value":"27:1E40"
        }, 
        {
         "name":"palette",
         "type":"string",
         "value":"16"
        }, 
        {
         "name":"tileset",
         "type":"string",
         "value":"30"
        }],
 "renderorder":"right-down",
 "tiledversion":"1.4.3",
 "tileheight":16,
 "tilesets":[
        {
         "columns":16,
         "firstgid":1,
         "image":"tiles_30_00_16_27_1e40.png",
         "imageheight":256,
         "imagewidth":256,
         "margin":0,
         "name":"main",
         "spacing":0,
         "tilecount":256,
         "tileheight":16,
         "tilewidth":16
        }],
 "tilewidth":16,
 "type":"map",
 "version":1.4,
 "width":10
}