{ "compressionlevel":-1,
 "editorsettings":
    {
     "export":
        {
         "target":"."
        }
    },
 "height":8,
 "infinite":false,
 "layers":[
        {
         "data":[59, 59, 225, 59, 59, 59, 59, 59, 59, 59, 59, 59, 225, 59, 59, 59, 59, 59, 59, 59, 59, 59, 225, 59, 187, 59, 59, 59, 59, 59, 5, 5, 12, 10, 93, 10, 5, 5, 5, 5, 5, 5, 12, 5, 10, 5, 11, 11, 11, 5, 5, 5, 12, 5, 5, 11, 93, 93, 93, 11, 39, 5, 5, 5, 5, 11, 93, 93, 93, 11, 41, 5, 5, 5, 5, 5, 11, 11, 11, 62],
         "height":8,
         "id":1,
         "name":"Tiles",
         "opacity":1,
         "type":"tilelayer",
         "visible":true,
         "width":10,
         "x":0,
         "y":0
        }, 
        {
         "draworder":"topdown",
         "id":2,
         "name":"EntityLayer",
         "objects":[
                {
                 "height":8,
                 "id":1,
                 "name":"0:00:016:28:50",
                 "rotation":0,
                 "type":"warp",
                 "visible":true,
                 "width":8,
                 "x":0,
                 "y":0
                }],
         "opacity":1,
         "type":"objectgroup",
         "visible":true,
         "x":0,
         "y":0
        }],
 "nextlayerid":1,
 "nextobjectid":2,
 "orientation":"orthogonal",
 "properties":[
        {
         "name":"animationset",
         "type":"string",
         "value":"00"
        }, 
        {
         "name":"attribset",
         "type":"string",
         "value":"25:0C00"
        }, 
        {
         "name":"palette",
         "type":"string",
         "value":"01"
        }, 
        {
         "name":"tileset",
         "type":"string",
         "value":"0F"
        }],
 "renderorder":"right-down",
 "tiledversion":"1.4.3",
 "tileheight":16,
 "tilesets":[
        {
         "columns":16,
         "firstgid":1,
         "image":"tiles_0f_00_01_25_0c00.png",
         "imageheight":256,
         "imagewidth":256,
         "margin":0,
         "name":"main",
         "spacing":0,
         "tilecount":256,
         "tileheight":16,
         "tilewidth":16
        }],
 "tilewidth":16,
 "type":"map",
 "version":1.4,
 "width":10
}