{ "compressionlevel":-1,
 "editorsettings":
    {
     "export":
        {
         "target":"."
        }
    },
 "height":8,
 "infinite":false,
 "layers":[
        {
         "data":[59, 64, 38, 39, 72, 59, 59, 59, 59, 60, 59, 64, 40, 41, 57, 183, 184, 103, 82, 82, 59, 60, 212, 212, 57, 104, 228, 105, 82, 203, 5, 5, 5, 5, 57, 15, 15, 15, 15, 203, 5, 5, 62, 225, 53, 15, 15, 15, 15, 203, 5, 5, 57, 15, 15, 15, 15, 15, 82, 203, 5, 33, 57, 15, 15, 15, 15, 82, 82, 203, 48, 61, 51, 45, 45, 45, 45, 45, 45, 45],
         "height":8,
         "id":1,
         "name":"Tiles",
         "opacity":1,
         "type":"tilelayer",
         "visible":true,
         "width":10,
         "x":0,
         "y":0
        }, 
        {
         "draworder":"topdown",
         "id":2,
         "name":"EntityLayer",
         "objects":[
                {
                 "height":8,
                 "id":1,
                 "name":"1:04:1a1:50:7c",
                 "rotation":0,
                 "type":"warp",
                 "visible":true,
                 "width":8,
                 "x":0,
                 "y":0
                }],
         "opacity":1,
         "type":"objectgroup",
         "visible":true,
         "x":0,
         "y":0
        }],
 "nextlayerid":1,
 "nextobjectid":2,
 "orientation":"orthogonal",
 "properties":[
        {
         "name":"animationset",
         "type":"string",
         "value":"03"
        }, 
        {
         "name":"attribset",
         "type":"string",
         "value":"22:2400"
        }, 
        {
         "name":"palette",
         "type":"string",
         "value":"09"
        }, 
        {
         "name":"tileset",
         "type":"string",
         "value":"3A"
        }],
 "renderorder":"right-down",
 "tiledversion":"1.4.3",
 "tileheight":16,
 "tilesets":[
        {
         "columns":16,
         "firstgid":1,
         "image":"tiles_3a_03_09_22_2400.png",
         "imageheight":256,
         "imagewidth":256,
         "margin":0,
         "name":"main",
         "spacing":0,
         "tilecount":256,
         "tileheight":16,
         "tilewidth":16
        }],
 "tilewidth":16,
 "type":"map",
 "version":1.4,
 "width":10
}