{ "compressionlevel":-1,
 "editorsettings":
    {
     "export":
        {
         "target":"."
        }
    },
 "height":8,
 "infinite":false,
 "layers":[
        {
         "data":[39, 5, 5, 5, 5, 5, 5, 5, 5, 51, 41, 5, 5, 5, 5, 5, 5, 5, 5, 5, 5, 5, 11, 11, 11, 5, 38, 70, 39, 5, 5, 5, 83, 83, 83, 11, 40, 226, 41, 5, 5, 5, 92, 227, 92, 11, 11, 93, 11, 5, 5, 5, 5, 5, 5, 11, 11, 11, 5, 10, 5, 5, 5, 5, 5, 5, 5, 5, 10, 10, 38, 39, 5, 5, 5, 5, 5, 5, 10, 111],
         "height":8,
         "id":1,
         "name":"Tiles",
         "opacity":1,
         "type":"tilelayer",
         "visible":true,
         "width":10,
         "x":0,
         "y":0
        }, 
        {
         "draworder":"topdown",
         "id":2,
         "name":"EntityLayer",
         "objects":[
                {
                 "height":8,
                 "id":1,
                 "name":"1:10:2cb:50:7c",
                 "rotation":0,
                 "type":"warp",
                 "visible":true,
                 "width":8,
                 "x":0,
                 "y":0
                }, 
                {
                 "height":8,
                 "id":2,
                 "name":"1:0e:2a1:50:7c",
                 "rotation":0,
                 "type":"warp",
                 "visible":true,
                 "width":8,
                 "x":0,
                 "y":8
                }],
         "opacity":1,
         "type":"objectgroup",
         "visible":true,
         "x":0,
         "y":0
        }],
 "nextlayerid":1,
 "nextobjectid":3,
 "orientation":"orthogonal",
 "properties":[
        {
         "name":"animationset",
         "type":"string",
         "value":"03"
        }, 
        {
         "name":"attribset",
         "type":"string",
         "value":"22:0000"
        }, 
        {
         "name":"palette",
         "type":"string",
         "value":"0E"
        }, 
        {
         "name":"tileset",
         "type":"string",
         "value":"0F"
        }],
 "renderorder":"right-down",
 "tiledversion":"1.4.3",
 "tileheight":16,
 "tilesets":[
        {
         "columns":16,
         "firstgid":1,
         "image":"tiles_0f_03_0e_22_0000.png",
         "imageheight":256,
         "imagewidth":256,
         "margin":0,
         "name":"main",
         "spacing":0,
         "tilecount":256,
         "tileheight":16,
         "tilewidth":16
        }],
 "tilewidth":16,
 "type":"map",
 "version":1.4,
 "width":10
}