{ "compressionlevel":-1,
 "editorsettings":
    {
     "export":
        {
         "target":"."
        }
    },
 "height":8,
 "infinite":false,
 "layers":[
        {
         "data":[111, 82, 82, 82, 82, 82, 82, 82, 82, 82, 11, 11, 11, 5, 5, 5, 5, 11, 11, 82, 11, 183, 184, 10, 183, 201, 184, 5, 11, 82, 11, 206, 207, 10, 206, 226, 207, 5, 11, 82, 11, 5, 5, 11, 11, 11, 11, 11, 11, 82, 11, 11, 11, 5, 197, 10, 197, 11, 11, 82, 11, 5, 11, 11, 11, 11, 5, 5, 11, 82, 48, 48, 48, 48, 48, 48, 48, 48, 48, 61],
         "height":8,
         "id":1,
         "name":"Tiles",
         "opacity":1,
         "type":"tilelayer",
         "visible":true,
         "width":10,
         "x":0,
         "y":0
        }, 
        {
         "draworder":"topdown",
         "id":2,
         "name":"EntityLayer",
         "objects":[
                {
                 "height":8,
                 "id":1,
                 "name":"1:ff:312:50:5c",
                 "rotation":0,
                 "type":"warp",
                 "visible":true,
                 "width":8,
                 "x":0,
                 "y":0
                }],
         "opacity":1,
         "type":"objectgroup",
         "visible":true,
         "x":0,
         "y":0
        }],
 "nextlayerid":1,
 "nextobjectid":2,
 "orientation":"orthogonal",
 "properties":[
        {
         "name":"animationset",
         "type":"string",
         "value":"00"
        }, 
        {
         "name":"attribset",
         "type":"string",
         "value":"25:2800"
        }, 
        {
         "name":"palette",
         "type":"string",
         "value":"01"
        }, 
        {
         "name":"tileset",
         "type":"string",
         "value":"38"
        }],
 "renderorder":"right-down",
 "tiledversion":"1.4.3",
 "tileheight":16,
 "tilesets":[
        {
         "columns":16,
         "firstgid":1,
         "image":"tiles_38_00_01_25_2800.png",
         "imageheight":256,
         "imagewidth":256,
         "margin":0,
         "name":"main",
         "spacing":0,
         "tilecount":256,
         "tileheight":16,
         "tilewidth":16
        }],
 "tilewidth":16,
 "type":"map",
 "version":1.4,
 "width":10
}