{ "compressionlevel":-1,
 "editorsettings":
    {
     "export":
        {
         "target":"."
        }
    },
 "height":8,
 "infinite":false,
 "layers":[
        {
         "data":[56, 4, 4, 4, 4, 4, 4, 4, 4, 57, 56, 183, 184, 4, 4, 4, 4, 62, 48, 53, 56, 206, 207, 4, 4, 4, 4, 57, 183, 184, 56, 161, 93, 4, 4, 4, 4, 57, 206, 207, 56, 93, 93, 62, 73, 75, 74, 79, 183, 184, 56, 93, 4, 57, 59, 59, 59, 60, 206, 207, 47, 48, 48, 79, 31, 31, 31, 31, 31, 31, 58, 59, 59, 60, 32, 32, 32, 32, 32, 32],
         "height":8,
         "id":1,
         "name":"Tiles",
         "opacity":1,
         "type":"tilelayer",
         "visible":true,
         "width":10,
         "x":0,
         "y":0
        }, 
        {
         "draworder":"topdown",
         "id":2,
         "name":"EntityLayer",
         "objects":[],
         "opacity":1,
         "type":"objectgroup",
         "visible":true,
         "x":0,
         "y":0
        }],
 "nextlayerid":1,
 "nextobjectid":1,
 "orientation":"orthogonal",
 "properties":[
        {
         "name":"animationset",
         "type":"string",
         "value":"02"
        }, 
        {
         "name":"attribset",
         "type":"string",
         "value":"22:1000"
        }, 
        {
         "name":"palette",
         "type":"string",
         "value":"01"
        }, 
        {
         "name":"tileset",
         "type":"string",
         "value":"22"
        }],
 "renderorder":"right-down",
 "tiledversion":"1.4.3",
 "tileheight":16,
 "tilesets":[
        {
         "columns":16,
         "firstgid":1,
         "image":"tiles_22_02_01_22_1000.png",
         "imageheight":256,
         "imagewidth":256,
         "margin":0,
         "name":"main",
         "spacing":0,
         "tilecount":256,
         "tileheight":16,
         "tilewidth":16
        }],
 "tilewidth":16,
 "type":"map",
 "version":1.4,
 "width":10
}