[
    {
        "region_name": "Ganons Castle Lobby",
        "dungeon": "Ganons Castle",
        "exits": {
            "Ganons Castle Grounds": "True",
            "Ganons Castle Forest Trial": "True",
            "Ganons Castle Fire Trial": "True",
            "Ganons Castle Water Trial": "True",
            "Ganons Castle Shadow Trial": "True",
            "Ganons Castle Spirit Trial": "True",
            "Ganons Castle Light Trial": "can_use(Golden_Gauntlets) or (Bombs and can_shield) or (can_mega and can_use(Hover_Boots))",
            "Ganons Castle Tower": "True",
            "Ganons Castle Deku Scrubs": "True"
        }
    },
    {
        "region_name": "Ganons Castle Deku Scrubs",
        "dungeon": "Ganons Castle",
        "locations": {
            "Ganons Castle Deku Scrub Center-Left": "True",
            "Ganons Castle Deku Scrub Center-Right": "True",
            "Ganons Castle Deku Scrub Right": "True",
            "Ganons Castle Deku Scrub Left": "True"
        }
    },
    {
        "region_name": "Ganons Castle Forest Trial",
        "dungeon": "Ganons Castle",
        "events": {
            "Forest Trial Clear": "can_use(Light_Arrows) and (Fire_Arrows or Dins_Fire)"
        },
        "locations": {
            "Ganons Castle Forest Trial Chest": "True"
        }
    },
    {
        "region_name": "Ganons Castle Fire Trial",
        "dungeon": "Ganons Castle",
        "events": {
            "Fire Trial Clear": "
                (can_use(Goron_Tunic) or Fairy) and (can_use(Golden_Gauntlets) or can_use(Hover_Boots)) and 
                can_use(Light_Arrows) and (can_use(Longshot) or (can_mega and can_use(Hover_Boots)))"
        }
    },
    {
        "region_name": "Ganons Castle Water Trial",
        "dungeon": "Ganons Castle",
        "events": {
            "Water Trial Clear": "(Blue_Fire or can_use(Hookshot)) and Megaton_Hammer and can_use(Light_Arrows)"
        },
        "locations": {
            "Ganons Castle Water Trial Left Chest": "True",
            "Ganons Castle Water Trial Right Chest": "True",
            "Blue Fire": "has_bottle"
        }
    },
    {
        "region_name": "Ganons Castle Shadow Trial",
        "dungeon": "Ganons Castle",
        "events": {
            "Shadow Trial Clear": "
                can_use(Light_Arrows) and Megaton_Hammer and (
                (has_bombchus and can_isg) or 
                (has_explosives and Hover_Boots and can_shield) or
                ( (can_use(Longshot) and (Hover_Boots or can_use(Dins_Fire))) 
                    or can_use(Fire_Arrows) ))"
        },
        "locations": {
            "Ganons Castle Shadow Trial Front Chest": "
                can_use(Fire_Arrows) or can_use(Hookshot) or 
                Hover_Boots or can_play(Song_of_Time) or can_mega",
            "Ganons Castle Shadow Trial Golden Gauntlets Chest": "(has_bombchus and can_isg) or 
                (has_explosives and Hover_Boots and can_shield) or
                ( (can_use(Longshot) and (Hover_Boots or can_use(Dins_Fire))) 
                    or can_use(Fire_Arrows) )"
        }
    },
    {
        "region_name": "Ganons Castle Spirit Trial",
        "dungeon": "Ganons Castle",
        "events": {
            # includes below 2 reqs here
            "Spirit Trial Clear": "
                can_use(Light_Arrows) and Mirror_Shield and 
                (has_bombchus or (can_shield and (can_use(Longshot) or Bow)))"
        },
        "locations": {
            "Ganons Castle Spirit Trial Crystal Switch Chest": "True",
            # include req for silver rupees here
            "Ganons Castle Spirit Trial Invisible Chest": "
                has_bombchus or (can_shield and (can_use(Longshot) or Bow))"
        }
    },
    {
        "region_name": "Ganons Castle Light Trial",
        "dungeon": "Ganons Castle",
        "events": {
            "Light Trial Clear": "
                can_use(Light_Arrows) and (Progressive_Hookshot or (has_explosives and can_shield)) and 
                (Small_Key_Ganons_Castle, 2)"
        },
        "locations": {
            "Ganons Castle Light Trial First Left Chest": "True",
            "Ganons Castle Light Trial Second Left Chest": "True",
            "Ganons Castle Light Trial Third Left Chest": "True",
            "Ganons Castle Light Trial First Right Chest": "True",
            "Ganons Castle Light Trial Second Right Chest": "True",
            "Ganons Castle Light Trial Third Right Chest": "True",
            "Ganons Castle Light Trial Invisible Enemies Chest": "True",
            "Ganons Castle Light Trial Lullaby Chest": "
                can_play(Zeldas_Lullaby) and (Small_Key_Ganons_Castle, 1)"
        }
    }
]
