{
    "name":                  "useless",
    "gui_name":              "Useless",
    "description":           "Only junk hints.",
    "add_locations":         [],
    "remove_locations":      [],
    "add_items":             [],
    "remove_items":          [],
    "dungeons_woth_limit":   2,
    "dungeons_barren_limit": 1,
    "named_items_required":  false,
    "vague_named_items":     false,
    "use_default_goals":     true,
    "distribution":          {
        "trial":           {"order":  1, "weight": 0.0, "fixed": 0, "copies": 0},
        "entrance_always": {"order":  2, "weight": 0.0, "fixed": 0, "copies": 0},
        "always":          {"order":  3, "weight": 0.0, "fixed": 0, "copies": 0},
        "woth":            {"order":  4, "weight": 0.0, "fixed": 0, "copies": 0},
        "barren":          {"order":  5, "weight": 0.0, "fixed": 0, "copies": 0},
        "entrance":        {"order":  6, "weight": 0.0, "fixed": 0, "copies": 0},
        "sometimes":       {"order":  7, "weight": 0.0, "fixed": 0, "copies": 0},
        "random":          {"order":  8, "weight": 0.0, "fixed": 0, "copies": 0},
        "item":            {"order":  9, "weight": 0.0, "fixed": 0, "copies": 0},
        "song":            {"order": 10, "weight": 0.0, "fixed": 0, "copies": 0},
        "overworld":       {"order": 11, "weight": 0.0, "fixed": 0, "copies": 0},
        "dungeon":         {"order": 12, "weight": 0.0, "fixed": 0, "copies": 0},
        "junk":            {"order": 13, "weight": 9.0, "fixed": 0, "copies": 1},
        "named-item":      {"order": 14, "weight": 0.0, "fixed": 0, "copies": 0},
        "goal":            {"order": 15, "weight": 0.0, "fixed": 0, "copies": 0},
        "dual_always":     {"order": 16, "weight": 0.0, "fixed": 0, "copies": 0},
        "dual":            {"order": 17, "weight": 0.0, "fixed": 0, "copies": 0}
    }
}
